ObjectID,GlobalID,Date,Location,Unlisted Location,Monitor Name,Vernal Pool Name or ID number,Optional - Water Level (in.),DO (mg/L),DO (% sat.),Conductivity (µS/cm),Salinity (ppt),Temp (C),Water Quality Notes,Optional - Comments,CreationDate,Creator,EditDate,Editor,x,y
1,b3a8154f-d8b6-4846-8ebc-a50c6f3c3caa,1/25/2019 8:00:00 AM,ncos,,Joanna Tang,8,,8.71,94.9,551,0.3,19.4,Opaque,,1/26/2019 6:13:25 PM,joannatang@umail.ucsb.edu_ucsb,1/26/2019 6:13:25 PM,joannatang@umail.ucsb.edu_ucsb,-119.881723271794,34.4198797317542
2,6ffee4e6-5d28-427f-b1f3-b60078062f88,1/25/2019 8:00:00 AM,ncos,,Joanna Tang,7,,9.32,101.3,526,0.3,19.4,Opaque,,1/26/2019 6:13:26 PM,joannatang@umail.ucsb.edu_ucsb,1/26/2019 6:13:26 PM,joannatang@umail.ucsb.edu_ucsb,-119.907921543136,34.4400002390854
3,64d10b31-0f49-4c30-b6fe-c711baa7c604,1/25/2019 8:00:00 AM,ncos,,Joanna Tang,6,,9.97,108.6,582,0.3,19.4,Opaque,,1/26/2019 6:13:27 PM,joannatang@umail.ucsb.edu_ucsb,1/26/2019 6:13:27 PM,joannatang@umail.ucsb.edu_ucsb,-119.881153386198,34.419206539201
4,0f8987ed-8959-48d0-a9d9-70d03e4dfaaa,1/25/2019 8:00:00 AM,ncos,,Joanna Tang,5,,9.15,98.8,621,0.3,19,Opaque,,1/26/2019 6:13:28 PM,joannatang@umail.ucsb.edu_ucsb,1/26/2019 6:13:28 PM,joannatang@umail.ucsb.edu_ucsb,-119.882899442547,34.4255381785302
5,5d247954-5bee-4b93-a00b-2bfaecfbe5cc,1/25/2019 8:00:00 AM,ncos,,Joanna Tang,4,,8.84,94.7,640,0.4,18.6,Opaque ,,1/26/2019 6:13:28 PM,joannatang@umail.ucsb.edu_ucsb,1/26/2019 6:13:28 PM,joannatang@umail.ucsb.edu_ucsb,-119.883324950983,34.4253232005631
6,e8115281-bb16-45e3-af84-338dbc1fb839,1/25/2019 8:00:00 AM,ncos,,Joanna Tang,3,,9.51,104.4,241.8,0.1,19.8,Opaque,,1/26/2019 6:13:29 PM,joannatang@umail.ucsb.edu_ucsb,1/26/2019 6:13:29 PM,joannatang@umail.ucsb.edu_ucsb,-119.881818149188,34.4237844990455
7,b74e1729-0a7d-4b9f-b11d-c9cd612fb1bb,1/25/2019 8:00:00 AM,ncos,,Joanna Tang,2,,9.03,95.1,335.7,0.2,17.8,Opaque,,1/26/2019 6:13:29 PM,joannatang@umail.ucsb.edu_ucsb,1/26/2019 6:13:29 PM,joannatang@umail.ucsb.edu_ucsb,-119.879607763253,34.4191693235509
8,e6a0b2da-7654-4e1a-b7e5-9e4e97b0ead8,1/25/2019 8:00:00 AM,ncos,,Joanna Tang,1,,8.49,88.8,306.1,0.2,17.5,Opaque,,1/26/2019 6:13:30 PM,joannatang@umail.ucsb.edu_ucsb,1/26/2019 6:13:30 PM,joannatang@umail.ucsb.edu_ucsb,-119.879377260916,34.4187565148197
9,3c8531ed-cee0-4912-8a03-93dd69267d12,1/18/2019 12:00:00 AM,south_parcel,,Joanna Tang,8,,0.16,1.8,290.8,0.2,20.3,measurement taken in the afternoon; DO sensor broken,,1/31/2019 6:08:10 PM,joannatang@umail.ucsb.edu_ucsb,1/31/2019 6:08:10 PM,joannatang@umail.ucsb.edu_ucsb,0,0
10,ae43c607-ac76-4ad7-8f79-a862b6810b35,1/19/2019 12:00:00 AM,south_parcel,,Joanna Tang,7,,0.16,1.7,378.7,0.2,17.7,measurements taken in the afternoon; DO sensor broken,,1/31/2019 6:09:43 PM,joannatang@umail.ucsb.edu_ucsb,1/31/2019 6:09:43 PM,joannatang@umail.ucsb.edu_ucsb,0,0
11,1a5b92ef-0d6c-47cf-8b54-ac5da6731311,1/19/2019 12:00:00 AM,south_parcel,,Joanna Tang,6,,0.17,1.9,144,0.1,20.2,measurements taken in the afternoon; DO sensor broken,,1/31/2019 6:10:35 PM,joannatang@umail.ucsb.edu_ucsb,1/31/2019 6:10:35 PM,joannatang@umail.ucsb.edu_ucsb,0,0
12,657a5bcb-c06d-414f-85b2-67ef4d414559,1/19/2019 12:00:00 AM,south_parcel,,Joanna Tang,4,,0.19,2,222.7,0.1,18.8,measurements taken in the afternoon; DO sensor broken,,1/31/2019 6:11:20 PM,joannatang@umail.ucsb.edu_ucsb,1/31/2019 6:11:20 PM,joannatang@umail.ucsb.edu_ucsb,0,0
13,d7d3adc8-e54c-4deb-8fe4-aefcc1270288,1/19/2019 12:00:00 AM,south_parcel,,Joanna Tang,5,,0.2,2.2,172.1,0.1,21,measurements taken in the afternoon; DO sensor broken,,1/31/2019 6:11:57 PM,joannatang@umail.ucsb.edu_ucsb,1/31/2019 6:11:57 PM,joannatang@umail.ucsb.edu_ucsb,0,0
14,c449e9b1-53b5-47be-8231-19d33df26946,1/19/2019 12:00:00 AM,south_parcel,,Joanna Tang,3,,0.2,2.2,152.7,0.1,20.8,measurements taken in the afternoon; DO sensor broken,,1/31/2019 6:13:03 PM,joannatang@umail.ucsb.edu_ucsb,1/31/2019 6:13:03 PM,joannatang@umail.ucsb.edu_ucsb,0,0
15,5d215d67-c4e3-4e73-8570-9fdfa5d37556,1/19/2019 12:00:00 AM,south_parcel,,Joanna Tang,2,,0.22,2.4,266.1,0.1,19.5,measurements taken in the afternoon; DO sensor broken,,1/31/2019 6:13:34 PM,joannatang@umail.ucsb.edu_ucsb,1/31/2019 6:13:34 PM,joannatang@umail.ucsb.edu_ucsb,0,0
16,1c878b18-01d5-49da-89d4-85f77c2a4b71,1/19/2019 12:00:00 AM,south_parcel,,Joanna Tang,1,,0.25,2.6,362,0.2,18.1,measurements taken in the afternoon; DO sensor broken,,1/31/2019 6:14:19 PM,joannatang@umail.ucsb.edu_ucsb,1/31/2019 6:14:19 PM,joannatang@umail.ucsb.edu_ucsb,0,0
17,691e3422-43e0-4793-894b-b721cde0bb29,1/19/2019 12:00:00 AM,south_parcel,,Joanna Tang,SWW 1,,0.26,2.7,251.8,0.2,18.1,measurements taken in the afternoon; DO sensor broken,,1/31/2019 6:14:59 PM,joannatang@umail.ucsb.edu_ucsb,1/31/2019 6:14:59 PM,joannatang@umail.ucsb.edu_ucsb,0,0
18,8ed89aee-fe79-4066-8506-f05c3851cd90,1/26/2019 12:00:00 AM,south_parcel,,Joanna Tang,7,,3.89,44,343.8,0.2,21.4,opaque; measurements taken in afternoon,,1/31/2019 6:17:16 PM,joannatang@umail.ucsb.edu_ucsb,1/31/2019 6:17:16 PM,joannatang@umail.ucsb.edu_ucsb,0,0
19,0c35aba7-9b65-4362-84ba-cab3c9b83cbe,1/26/2019 12:00:00 AM,south_parcel,,Joanna Tang,8,,3.89,44,343.8,0.2,21.4,opaque; measurements taken in afternoon,,1/31/2019 6:19:02 PM,joannatang@umail.ucsb.edu_ucsb,1/31/2019 6:19:02 PM,joannatang@umail.ucsb.edu_ucsb,0,0
20,dee3ee22-0e7b-49ba-84b5-5623c9c100a0,1/26/2019 12:00:00 AM,south_parcel,,Joanna Tang,7,,3.59,37.2,402.1,0.2,17.1,opaque; measurements taken in afternoon,,1/31/2019 6:19:35 PM,joannatang@umail.ucsb.edu_ucsb,1/31/2019 6:19:35 PM,joannatang@umail.ucsb.edu_ucsb,0,0
21,454e4937-5b20-4625-8a0f-cdeb1d856547,1/26/2019 12:00:00 AM,south_parcel,,Joanna Tang,9,,10.7,118.8,304.3,0.2,23.6,not opaque; measurements taken in afternoon,,1/31/2019 6:20:57 PM,joannatang@umail.ucsb.edu_ucsb,1/31/2019 6:20:57 PM,joannatang@umail.ucsb.edu_ucsb,0,0
22,a9d9d751-2194-40b0-8fbd-63150a72bcb9,1/26/2019 12:00:00 AM,south_parcel,,Joanna Tang,6,,8.97,101.2,163.5,0.1,21.3,opaque; measurements taken in afternoon,,1/31/2019 6:21:50 PM,joannatang@umail.ucsb.edu_ucsb,1/31/2019 6:21:50 PM,joannatang@umail.ucsb.edu_ucsb,0,0
23,e3a3fe89-fcaf-44ef-8b97-bece48a7aa61,1/26/2019 12:00:00 AM,south_parcel,,Joanna Tang,4,,9.34,106.1,208,0.1,21.7,opaque; measurements taken in afternoon,,1/31/2019 6:22:20 PM,joannatang@umail.ucsb.edu_ucsb,1/31/2019 6:22:20 PM,joannatang@umail.ucsb.edu_ucsb,0,0
24,2d7ecccd-5948-47ba-8bc5-ab4ac882b2a7,1/26/2019 12:00:00 AM,south_parcel,,Joanna Tang,5,,6.67,72.2,273.3,0.1,19.1,opaque; measurements taken in afternoon,,1/31/2019 6:22:50 PM,joannatang@umail.ucsb.edu_ucsb,1/31/2019 6:22:50 PM,joannatang@umail.ucsb.edu_ucsb,0,0
25,5e824dea-c6cf-4685-89fe-659d19dd0131,1/26/2019 12:00:00 AM,south_parcel,,Joanna Tang,2,,7.6,84.7,319.2,0.2,20.6,opaque; measurements taken in afternoon,,1/31/2019 6:23:56 PM,joannatang@umail.ucsb.edu_ucsb,1/31/2019 6:23:56 PM,joannatang@umail.ucsb.edu_ucsb,0,0
26,9b16cae5-e85d-4307-8bba-ca80026d0068,1/26/2019 12:00:00 AM,south_parcel,,Joanna Tang,1,,7.14,80.8,214.4,0.1,21.5,opaque; measurements taken in afternoon,,1/31/2019 6:24:34 PM,joannatang@umail.ucsb.edu_ucsb,1/31/2019 6:24:34 PM,joannatang@umail.ucsb.edu_ucsb,0,0
27,cf7d4722-b31f-4ef9-807d-34e7e395aa5e,1/26/2019 12:00:00 AM,south_parcel,,Joanna Tang,3,,8.18,85.1,387.5,0.2,17.2,opaque; measurements taken in afternoon,,1/31/2019 6:25:30 PM,joannatang@umail.ucsb.edu_ucsb,1/31/2019 6:25:30 PM,joannatang@umail.ucsb.edu_ucsb,0,0
28,a6e86538-d0d3-4839-8741-ebd374bcd1cd,1/24/2019 12:00:00 AM,copr,,Joanna Tang,Ferren's Folly,,6.54,58,85.9,0.1,10,measurements taken in the morning; not opaque,,1/31/2019 7:23:32 PM,joannatang@umail.ucsb.edu_ucsb,5/22/2019 3:55:24 AM,joannatang@umail.ucsb.edu_ucsb,0,0
29,92d9af92-f893-4108-8bb4-b911360b5236,1/21/2019 12:00:00 AM,manzanita_village,,Joanna Tang,San Miguel,,0.25,2.7,179.2,0.1,19.4,not opaque; measurements taken in the morning; DO sensor broken,,1/31/2019 7:33:08 PM,joannatang@umail.ucsb.edu_ucsb,1/31/2019 7:33:08 PM,joannatang@umail.ucsb.edu_ucsb,0,0
30,4b4bab12-82c8-4b4f-8130-9d7034f19fc2,1/21/2019 12:00:00 AM,manzanita_village,,Joanna Tang,Santa Rosa,,0.18,1.9,172.2,0.1,19.5,not opaque; measurements taken in the morning; DO sensor broken,,1/31/2019 7:38:09 PM,joannatang@umail.ucsb.edu_ucsb,1/31/2019 7:38:09 PM,joannatang@umail.ucsb.edu_ucsb,0,0
31,387a940d-2076-4ad7-813c-93ca3baaf4ad,1/21/2019 12:00:00 AM,manzanita_village,,Joanna Tang,Santa Cruz,,0.16,1.7,222.2,0.1,19.7,not opaque; measurements taken in the morning; DO sensor broken,,1/31/2019 7:38:56 PM,joannatang@umail.ucsb.edu_ucsb,1/31/2019 7:38:56 PM,joannatang@umail.ucsb.edu_ucsb,0,0
32,67a577ad-e55c-40bf-85cf-c6685b7cf16d,1/21/2019 12:00:00 AM,manzanita_village,,Joanna Tang,Santa Barbara,,0.31,1.4,283.3,0.2,19.5,not opaque; measurements taken in the morning; DO sensor broken,,1/31/2019 7:39:35 PM,joannatang@umail.ucsb.edu_ucsb,1/31/2019 7:39:35 PM,joannatang@umail.ucsb.edu_ucsb,0,0
33,5942f352-ef15-45a9-8d7d-e38c83854ebf,1/21/2019 12:00:00 AM,manzanita_village,,Joanna Tang,Santa Catalina,,0.13,1.4,162.3,0.1,19.3,not opaque; measurements taken in the morning; DO sensor broken,,1/31/2019 7:40:03 PM,joannatang@umail.ucsb.edu_ucsb,1/31/2019 7:40:03 PM,joannatang@umail.ucsb.edu_ucsb,0,0
34,330be64c-a629-4b53-8fc9-5cc582aa38f6,1/23/2019 12:00:00 AM,manzanita_village,,Joanna Tang,San Miguel,,8.97,96.8,207.1,0.1,19,measurements taken in the afternoon,,1/31/2019 11:18:28 PM,joannatang@umail.ucsb.edu_ucsb,1/31/2019 11:18:28 PM,joannatang@umail.ucsb.edu_ucsb,0,0
35,645aec58-48cc-4e64-8752-d3986a1ed7b2,1/23/2019 12:00:00 AM,manzanita_village,,Joanna Tang,Santa Rosa,,9.79,107,231.2,0.1,19.6,measurements taken in the afternoon,,1/31/2019 11:19:03 PM,joannatang@umail.ucsb.edu_ucsb,1/31/2019 11:19:03 PM,joannatang@umail.ucsb.edu_ucsb,0,0
36,93d8631c-815c-4940-8f83-5537e8227767,1/23/2019 12:00:00 AM,manzanita_village,,Joanna Tang,Santa Cruz,,9.49,104.7,257.9,0.1,20.1,measurements taken in the afternoon,,1/31/2019 11:19:47 PM,joannatang@umail.ucsb.edu_ucsb,1/31/2019 11:19:47 PM,joannatang@umail.ucsb.edu_ucsb,0,0
37,2d1f2715-ff20-4770-81e3-b8e20096ca64,1/23/2019 12:00:00 AM,manzanita_village,,Joanna Tang,Santa Barbara,,11.69,126.9,294,0.2,19.3,measurements taken in the afternoon,,1/31/2019 11:20:22 PM,joannatang@umail.ucsb.edu_ucsb,1/31/2019 11:20:22 PM,joannatang@umail.ucsb.edu_ucsb,0,0
38,3b38e515-10e6-420c-8b6e-043ad3ec5d19,1/23/2019 12:00:00 AM,manzanita_village,,Joanna Tang,Santa Catalina,,12,127.5,170.2,0.1,18.2,measurements taken in the afternoon,,1/31/2019 11:21:08 PM,joannatang@umail.ucsb.edu_ucsb,1/31/2019 11:21:08 PM,joannatang@umail.ucsb.edu_ucsb,0,0
39,468e5b4c-405e-48aa-8471-5404c7cf9ad8,1/18/2019 12:00:00 AM,west_campus,,Joanna Tang,1,,9.5,3.71,36.7,0.1,0,15.0,measurements taken in the morning; DO sensor broken,2/1/2019 1:45:41 AM,joannatang@umail.ucsb.edu_ucsb,2/1/2019 1:45:41 AM,joannatang@umail.ucsb.edu_ucsb,0,0
40,dfac12b6-60a5-4e94-85b6-daefcf7f278c,1/18/2019 12:00:00 AM,west_campus,,Joanna Tang,1,9.5,3.71,36.7,0.1,0,15,measurements taken in the morning; DO sensor broken,,2/1/2019 1:47:46 AM,joannatang@umail.ucsb.edu_ucsb,2/1/2019 1:47:46 AM,joannatang@umail.ucsb.edu_ucsb,0,0
41,18649ea6-d220-4814-8e9d-622057b6a6d3,1/18/2019 12:00:00 AM,west_campus,,Joanna Tang,2,6,2.98,29.4,73.6,0,14.8,measurements taken in the morning; DO sensor broken,,2/1/2019 1:50:18 AM,joannatang@umail.ucsb.edu_ucsb,2/1/2019 1:50:18 AM,joannatang@umail.ucsb.edu_ucsb,0,0
42,6ad14aca-8001-4fb1-8260-0e9ceb97c84c,1/18/2019 12:00:00 AM,west_campus,,Joanna Tang,4,10,1.91,18.8,148.5,0.1,14.7,measurements taken in the morning; DO sensor broken,,2/1/2019 1:53:37 AM,joannatang@umail.ucsb.edu_ucsb,2/1/2019 1:53:37 AM,joannatang@umail.ucsb.edu_ucsb,0,0
43,6c77a79a-1ddb-4102-8311-8372e62bedca,1/18/2019 12:00:00 AM,west_campus,,Joanna Tang,5,7,1.45,14.2,65.2,0,14.6,measurements taken in the morning; DO sensor broken,,2/1/2019 1:55:31 AM,joannatang@umail.ucsb.edu_ucsb,2/1/2019 1:55:31 AM,joannatang@umail.ucsb.edu_ucsb,0,0
44,d68d9e19-d980-466a-8eb8-1dd796edd6d9,1/18/2019 12:00:00 AM,west_campus,,Joanna Tang,6,13,1.15,11.3,148.4,0.1,14.8,measurements taken in the morning; DO sensor broken,,2/1/2019 1:56:37 AM,joannatang@umail.ucsb.edu_ucsb,2/1/2019 1:56:37 AM,joannatang@umail.ucsb.edu_ucsb,0,0
45,bf51f6fb-cf6a-4b5b-8fbf-6c968284e2b5,1/18/2019 12:00:00 AM,west_campus,,Joanna Tang,7,2.5,0.99,9.8,123.2,0.1,14.9,measurements taken in the morning; DO sensor broken,,2/1/2019 1:58:57 AM,joannatang@umail.ucsb.edu_ucsb,2/1/2019 1:58:57 AM,joannatang@umail.ucsb.edu_ucsb,0,0
46,c3939298-418b-42ed-8da4-0a9eb2e1a628,1/18/2019 12:00:00 AM,west_campus,,Joanna Tang,8,8,0.8,7.9,194,0.1,14.7,measurements taken in the morning; DO sensor broken,,2/1/2019 2:00:17 AM,joannatang@umail.ucsb.edu_ucsb,2/1/2019 2:00:17 AM,joannatang@umail.ucsb.edu_ucsb,0,0
47,63878d39-c94b-4633-8489-2a2479b7b2d3,1/18/2019 12:00:00 AM,west_campus,,Joanna Tang,9,8,0.7,6.9,295.9,0.2,14.9,measurements taken in the morning; DO sensor broken,,2/1/2019 2:01:18 AM,joannatang@umail.ucsb.edu_ucsb,2/1/2019 2:01:18 AM,joannatang@umail.ucsb.edu_ucsb,0,0
48,023f6570-47a8-4829-8aaf-2339bca83c91,1/18/2019 12:00:00 AM,west_campus,,Joanna Tang,10,8.75,0.69,6.8,262.2,0.2,14.7,measurements taken in the morning; DO sensor broken,,2/1/2019 2:02:33 AM,joannatang@umail.ucsb.edu_ucsb,2/1/2019 2:02:33 AM,joannatang@umail.ucsb.edu_ucsb,0,0
49,d16b7b3b-8ba3-4c6b-8844-85428fb0c9ca,1/18/2019 12:00:00 AM,west_campus,,Joanna Tang,11,7,0.66,6.5,135.5,0.1,15,measurements taken in the morning; DO sensor broken,,2/1/2019 2:04:02 AM,joannatang@umail.ucsb.edu_ucsb,2/1/2019 2:04:02 AM,joannatang@umail.ucsb.edu_ucsb,0,0
50,4775440e-e83d-4bf7-879c-aa80c76f31e2,1/18/2019 12:00:00 AM,west_campus,,Joanna Tang,13,8,0.57,5.7,130.9,0.1,15,measurements taken in the morning; DO sensor broken,,2/1/2019 2:05:18 AM,joannatang@umail.ucsb.edu_ucsb,2/1/2019 2:05:18 AM,joannatang@umail.ucsb.edu_ucsb,0,0
51,fb4ba881-62bd-4ffb-8bd2-95214720ae2b,1/18/2019 12:00:00 AM,ellwood_mesa,,Joanna Tang,1,13,0.55,5.4,176.9,0.1,14.7,measurements taken in the morning; DO sensor broken,,2/1/2019 3:29:17 AM,joannatang@umail.ucsb.edu_ucsb,2/1/2019 3:29:17 AM,joannatang@umail.ucsb.edu_ucsb,0,0
52,15ba8b94-527e-4522-890f-095f8800ee3a,1/18/2019 12:00:00 AM,ellwood_mesa,,Joanna Tang,2,4.5,0.41,4.1,145,0.1,14.9,measurements taken in the morning; DO sensor broken,,2/1/2019 3:30:41 AM,joannatang@umail.ucsb.edu_ucsb,2/1/2019 3:30:41 AM,joannatang@umail.ucsb.edu_ucsb,0,0
53,cabac81b-dfb1-4d4c-8d73-6b02fc0caaf5,1/18/2019 12:00:00 AM,ellwood_mesa,,Joanna Tang,3,4.5,0.4,4,119.5,0.1,15.3,measurements taken in the morning; DO sensor broken,,2/1/2019 3:31:52 AM,joannatang@umail.ucsb.edu_ucsb,2/1/2019 3:31:52 AM,joannatang@umail.ucsb.edu_ucsb,0,0
54,8c82921d-d42d-4870-868c-1700fb74a243,1/18/2019 12:00:00 AM,ellwood_mesa,,Joanna Tang,4,4.5,0.37,3.7,102.5,0.1,15.3,measurements taken in the morning; DO sensor broken,,2/1/2019 3:33:08 AM,joannatang@umail.ucsb.edu_ucsb,2/1/2019 3:33:08 AM,joannatang@umail.ucsb.edu_ucsb,0,0
55,d3af13f3-8d5a-493e-83f4-665759c9734e,1/18/2019 12:00:00 AM,ellwood_mesa,,Joanna Tang,5,17,0.35,3.5,81.1,0,15.2,measurements taken in the morning; DO sensor broken,,2/1/2019 3:34:25 AM,joannatang@umail.ucsb.edu_ucsb,2/1/2019 3:34:25 AM,joannatang@umail.ucsb.edu_ucsb,0,0
56,173d8bff-7142-4826-8c2f-dbfe401b9809,1/18/2019 12:00:00 AM,ellwood_mesa,,Joanna Tang,6,5,0.35,3.5,95.9,0.1,15.3,measurements taken in the morning; DO sensor broken,,2/1/2019 3:35:27 AM,joannatang@umail.ucsb.edu_ucsb,2/1/2019 3:35:27 AM,joannatang@umail.ucsb.edu_ucsb,0,0
57,2621a9fd-6363-4e50-92ff-03ddd4a96e92,2/7/2019 8:00:00 AM,ellwood_mesa,,Joanna Tang,Created pool by trees,16,4.02,37.6,159.5,0.1,12.4,Opaque,,2/7/2019 7:29:21 PM,joannatang@umail.ucsb.edu_ucsb,2/7/2019 7:29:21 PM,joannatang@umail.ucsb.edu_ucsb,-119.888463519667,34.4223544365806
58,d0d71d18-8c14-4ef6-ab42-8f2cc6bdc6a4,2/7/2019 8:00:00 AM,ellwood_mesa,,Joanna Tang,6,2.75,8.33,77.9,74.7,0,12.4,Not opaque,,2/7/2019 7:29:22 PM,joannatang@umail.ucsb.edu_ucsb,2/7/2019 7:29:22 PM,joannatang@umail.ucsb.edu_ucsb,-119.888959955536,34.4200331205823
59,a35c9a16-375c-4445-b4ff-a87c5e5ff598,2/7/2019 8:00:00 AM,ellwood_mesa,,Joanna Tang,5,3,6.32,56.9,77,0.1,10.6,Not opaque,,2/7/2019 7:29:23 PM,joannatang@umail.ucsb.edu_ucsb,2/7/2019 7:29:23 PM,joannatang@umail.ucsb.edu_ucsb,-119.888739585589,34.4199248064335
60,77f7d213-1441-4f73-bc63-adee37a9cfbf,2/7/2019 8:00:00 AM,ellwood_mesa,,Joanna Tang,4,3.25,7.01,63.6,143,0.1,11,Not opaque,,2/7/2019 7:29:24 PM,joannatang@umail.ucsb.edu_ucsb,2/7/2019 7:29:24 PM,joannatang@umail.ucsb.edu_ucsb,-119.887918168791,34.4192184415035
61,20cbefe8-e423-4ad2-ae7c-5db556e81f71,2/7/2019 8:00:00 AM,ellwood_mesa,,Joanna Tang,3,4,6.58,57.8,81.9,0.1,9.6,Not opaque,,2/7/2019 7:29:26 PM,joannatang@umail.ucsb.edu_ucsb,2/7/2019 7:29:26 PM,joannatang@umail.ucsb.edu_ucsb,-119.887482645102,34.4187048822962
62,f953673f-e8d5-4652-af36-724bde7a2b99,2/7/2019 8:00:00 AM,ellwood_mesa,,Joanna Tang,2,3.5,4.88,43,99.9,0.1,9.7,Not opaque,,2/7/2019 7:29:27 PM,joannatang@umail.ucsb.edu_ucsb,2/7/2019 7:29:27 PM,joannatang@umail.ucsb.edu_ucsb,-119.884899761639,34.4165044231661
63,cea67848-435f-4140-bcd7-929298e5ad87,2/7/2019 8:00:00 AM,ellwood_mesa,,Joanna Tang,1,9,4.98,39.9,136,0.1,5.8,Slightly opaque,,2/7/2019 7:29:28 PM,joannatang@umail.ucsb.edu_ucsb,2/7/2019 7:29:28 PM,joannatang@umail.ucsb.edu_ucsb,-119.884996153526,34.4163802452706
64,e9e3a344-1f7d-4dce-a42e-73e93ce1977c,2/15/2019 8:00:00 AM,more_mesa,,Joanna Tang,Main pool,15.75,4.62,44.2,113.9,0.1,13.3,Not opaque ,,2/16/2019 3:07:11 AM,joannatang@umail.ucsb.edu_ucsb,2/16/2019 3:07:11 AM,joannatang@umail.ucsb.edu_ucsb,-119.787177098746,34.4174579797649
65,33f03787-654b-4151-8f52-45882f785a9e,1/19/2019 12:00:00 AM,ncos,,Joanna Tang,9,7,0.21,2.3,526,0.3,19.5,Opaque,re-entered from Hydro + YSI survey,5/21/2019 3:21:31 PM,joannatang@umail.ucsb.edu_ucsb,5/21/2019 3:42:20 PM,joannatang@umail.ucsb.edu_ucsb,0,0
66,8d61d3dc-9f72-41b7-899e-bb26c3e1ed93,1/19/2019 12:00:00 AM,ncos,,Joanna Tang,8,14.5,0.22,2.4,484,0.3,19,Opaque,re-entered from Hydro + YSI survey,5/21/2019 3:25:37 PM,joannatang@umail.ucsb.edu_ucsb,5/21/2019 3:25:37 PM,joannatang@umail.ucsb.edu_ucsb,0,0
67,9c9aa829-4461-4173-84f1-5542164122d3,1/19/2019 12:00:00 AM,ncos,,Joanna Tang,7,16,0.21,2.3,489,0.3,19.3,Opaque,re-entered from Hydro + YSI survey,5/21/2019 3:26:38 PM,joannatang@umail.ucsb.edu_ucsb,5/21/2019 3:26:38 PM,joannatang@umail.ucsb.edu_ucsb,0,0
68,b2d05686-0d65-4f5c-8474-04dc6a1bbb7b,1/19/2019 12:00:00 AM,ncos,,Joanna Tang,6,18,13,0.21,2.3,531,0.3,19.3,Cannot see gauge; re-entered from Hydro + YSI survey,5/21/2019 3:27:59 PM,joannatang@umail.ucsb.edu_ucsb,5/21/2019 3:27:59 PM,joannatang@umail.ucsb.edu_ucsb,0,0
69,d9e7513b-3174-46cb-8c1d-09ba6dd1f85a,1/19/2019 12:00:00 AM,ncos,,Joanna Tang,5,16.75,0.2,2.1,568,0.3,19,Opaque,re-entered from Hydro + YSI survey,5/21/2019 3:28:57 PM,joannatang@umail.ucsb.edu_ucsb,5/21/2019 3:28:57 PM,joannatang@umail.ucsb.edu_ucsb,0,0
70,abe1c9dd-7935-4f54-8c66-a2336ee45716,1/19/2019 12:00:00 AM,ncos,,Joanna Tang,4,16.5,0.2,2.2,599,0.3,18.9,Opaque,re-entered from Hydro + YSI survey,5/21/2019 3:31:37 PM,joannatang@umail.ucsb.edu_ucsb,5/21/2019 3:31:37 PM,joannatang@umail.ucsb.edu_ucsb,0,0
71,73159de2-eccc-47f0-8b88-1f21e5a0397a,1/19/2019 12:00:00 AM,ncos,,Joanna Tang,1,18,0.23,2.4,263.8,0.1,17.6,Opaque,Cannot see gauge; re-entered from Hydro + YSI survey,5/21/2019 3:33:13 PM,joannatang@umail.ucsb.edu_ucsb,5/21/2019 3:33:13 PM,joannatang@umail.ucsb.edu_ucsb,0,0
72,b230f65c-36bd-437d-8c12-4fd5f3efc8c5,1/19/2019 12:00:00 AM,ncos,,Joanna Tang,2,18,0.2,2.1,305.1,0.2,18.5,Opaque,Cannot see gauge; re-entered from Hydro + YSI survey,5/21/2019 3:34:50 PM,joannatang@umail.ucsb.edu_ucsb,5/21/2019 3:34:50 PM,joannatang@umail.ucsb.edu_ucsb,0,0
73,a2993b34-4b32-4943-868b-f5eed9a173ff,1/19/2019 12:00:00 AM,sierra_madre,,Joanna Tang,Center pool,18,0.4,4.4,203.4,0.1,20.8,,re-entered from Hydro + YSI survey,5/21/2019 3:35:57 PM,joannatang@umail.ucsb.edu_ucsb,5/21/2019 3:35:57 PM,joannatang@umail.ucsb.edu_ucsb,0,0
74,37e24555-163f-4372-8cb6-4c0875baf9d3,1/19/2019 12:00:00 AM,storke_ranch,,Kelly Hildner,Main,18.5,0.36,4.1,443.9,0.2,22.1,,re-entered from Hydro + YSI survey,5/21/2019 3:37:08 PM,joannatang@umail.ucsb.edu_ucsb,5/21/2019 3:37:08 PM,joannatang@umail.ucsb.edu_ucsb,0,0
75,3f421a7e-f1ae-4e4c-8f3a-a05399a277c9,1/19/2019 12:00:00 AM,storke_ranch,,Kelly Hildner,North,12.5,0.44,4.6,282.7,0.2,17.9,,re-entered from Hydro + YSI survey,5/21/2019 3:38:17 PM,joannatang@umail.ucsb.edu_ucsb,5/21/2019 3:38:17 PM,joannatang@umail.ucsb.edu_ucsb,0,0
76,bc4b7234-4edd-489c-800d-101d6ef691f3,1/19/2019 12:00:00 AM,storke_ranch,,Kelly Hildner,2007,11.75,0.39,4.1,618,0.4,17.4,,re-entered from Hydro + YSI survey,5/21/2019 3:40:29 PM,joannatang@umail.ucsb.edu_ucsb,5/21/2019 3:42:36 PM,joannatang@umail.ucsb.edu_ucsb,0,0
77,cd0a549f-597e-4f56-8c70-051575ef66f4,1/19/2019 12:00:00 AM,storke_ranch,,Kelly Hildner,South,11.5,0.37,3.8,255.3,0.1,15.9,,re-entered from Hydro + YSI survey,5/21/2019 3:41:28 PM,joannatang@umail.ucsb.edu_ucsb,5/21/2019 3:41:28 PM,joannatang@umail.ucsb.edu_ucsb,0,0
78,a2f149d3-a685-43dd-8fa3-16edaaa56aeb,1/19/2019 12:00:00 AM,storke_ranch,,Kelly Hildner,2017,12.5,0.3,3.1,223.9,0.1,18.2,,re-entered from Hydro + YSI survey,5/21/2019 3:43:41 PM,joannatang@umail.ucsb.edu_ucsb,5/21/2019 3:43:41 PM,joannatang@umail.ucsb.edu_ucsb,0,0
79,61d7906b-2e68-48f8-82ef-cc5bd7eefa01,1/19/2019 12:00:00 AM,storke_ranch,,Joanna Tang,East,8.5,0.24,2.8,232.7,0.1,22,,re-entered from Hydro + YSI survey,5/21/2019 3:44:48 PM,joannatang@umail.ucsb.edu_ucsb,5/21/2019 3:44:48 PM,joannatang@umail.ucsb.edu_ucsb,0,0
80,34b9b69d-a3c1-4abd-8f8f-0017c9d198d6,1/19/2019 12:00:00 AM,ncos,,Joanna Tang,3,12.5,0.21,2.3,199.5,0.1,18.4,Opaque,re-entered from Hydro + YSI survey,5/21/2019 3:45:50 PM,joannatang@umail.ucsb.edu_ucsb,5/21/2019 3:45:50 PM,joannatang@umail.ucsb.edu_ucsb,0,0
81,5f3c2f5a-dad3-4482-832f-99d1f4096751,1/21/2019 12:00:00 AM,delsol_caminocorto,,Joanna Tang,5,6,0.25,2.7,76.5,0,19.5,Not opaque,surveyed in afternoon; re-entered from Hydro + YSI survey,5/21/2019 3:47:23 PM,joannatang@umail.ucsb.edu_ucsb,5/21/2019 3:48:05 PM,joannatang@umail.ucsb.edu_ucsb,0,0
82,79d33ee5-e73e-460f-8d1f-0ce59a686804,1/21/2019 12:00:00 AM,delsol_caminocorto,,Joanna Tang,4,6,0.25,2.7,76.5,0,19.5,Not opaque,surveyed in afternoon; re-entered from Hydro + YSI survey,5/21/2019 3:49:00 PM,joannatang@umail.ucsb.edu_ucsb,5/21/2019 3:49:00 PM,joannatang@umail.ucsb.edu_ucsb,0,0
83,d8b6094b-e02b-4b61-8257-d466543c7677,1/21/2019 12:00:00 AM,delsol_caminocorto,,Joanna Tang,3,7,0.29,3.2,75.8,0,19.5,Not opaque,surveyed in afternoon; re-entered from Hydro + YSI survey,5/21/2019 3:49:52 PM,joannatang@umail.ucsb.edu_ucsb,5/21/2019 3:49:52 PM,joannatang@umail.ucsb.edu_ucsb,0,0
84,ed0b9e17-fb9d-443e-848c-f45cfeda2716,1/21/2019 12:00:00 AM,delsol_caminocorto,,Joanna Tang,8,3,0.29,3.2,88,0,20,Not opaque,surveyed in afternoon; re-entered from Hydro + YSI survey,5/21/2019 3:51:50 PM,joannatang@umail.ucsb.edu_ucsb,5/21/2019 3:51:50 PM,joannatang@umail.ucsb.edu_ucsb,0,0
85,3bcd2bfe-782b-444f-8ae4-e8056432e42c,1/21/2019 12:00:00 AM,delsol_caminocorto,,Joanna Tang,7,8.5,0.32,3.4,71.4,0,18.5,Not opaque,surveyed in afternoon; re-entered from Hydro + YSI survey,5/21/2019 3:52:43 PM,joannatang@umail.ucsb.edu_ucsb,5/21/2019 3:52:43 PM,joannatang@umail.ucsb.edu_ucsb,0,0
86,91054f68-c167-4b7c-855d-df9166d7cd67,1/21/2019 12:00:00 AM,delsol_caminocorto,,Joanna Tang,2,10,0.35,3.8,80.2,0,18.5,Not opaque,surveyed in afternoon; re-entered from Hydro + YSI survey,5/21/2019 3:53:36 PM,joannatang@umail.ucsb.edu_ucsb,5/21/2019 3:53:36 PM,joannatang@umail.ucsb.edu_ucsb,0,0
87,9a1b14ff-53af-4196-84a9-bbddbf029a21,1/21/2019 12:00:00 AM,delsol_caminocorto,,Joanna Tang,6,8,0.37,3.9,92.1,0.1,18.9,Not opaque,surveyed in afternoon; re-entered from Hydro + YSI survey,5/21/2019 3:54:25 PM,joannatang@umail.ucsb.edu_ucsb,5/21/2019 3:54:25 PM,joannatang@umail.ucsb.edu_ucsb,0,0
88,1e285c06-3434-42de-8aff-ec8135ad6bba,1/21/2019 12:00:00 AM,delsol_caminocorto,,Joanna Tang,U,7,0.41,4.4,68.6,0,19.2,Not opaque,surveyed in afternoon; re-entered from Hydro + YSI survey,5/21/2019 3:55:20 PM,joannatang@umail.ucsb.edu_ucsb,5/21/2019 3:55:20 PM,joannatang@umail.ucsb.edu_ucsb,0,0
89,ea4b8c0f-fa38-403e-8f09-7433676772ac,1/21/2019 12:00:00 AM,delsol_caminocorto,,Joanna Tang,W,11,0.45,47,141.9,0.1,17.4,Not opaque,surveyed in afternoon; re-entered from Hydro + YSI survey,5/21/2019 3:56:09 PM,joannatang@umail.ucsb.edu_ucsb,5/21/2019 3:56:09 PM,joannatang@umail.ucsb.edu_ucsb,0,0
90,2a9267a0-e844-4075-809b-080245b8846b,1/21/2019 12:00:00 AM,delsol_caminocorto,,Joanna Tang,T,2.5,0.41,4.5,122.5,0,20.6,Not opaque,surveyed in afternoon; re-entered from Hydro + YSI survey,5/21/2019 3:57:04 PM,joannatang@umail.ucsb.edu_ucsb,5/21/2019 3:57:04 PM,joannatang@umail.ucsb.edu_ucsb,0,0
91,baaae4a7-82d0-4a93-84ca-20f93a42092a,1/21/2019 12:00:00 AM,delsol_caminocorto,,Joanna Tang,G,7.5,0.46,4.9,168,0.1,18,Green scum,surveyed in afternoon; re-entered from Hydro + YSI survey,5/21/2019 3:57:52 PM,joannatang@umail.ucsb.edu_ucsb,5/21/2019 3:57:52 PM,joannatang@umail.ucsb.edu_ucsb,0,0
92,20cf415c-3e45-465a-80f5-527b761f145c,1/21/2019 12:00:00 AM,delsol_caminocorto,,Joanna Tang,M,8.5,0.44,4.6,76.2,0,18.3,Not opaque,surveyed in afternoon; re-entered from Hydro + YSI survey,5/21/2019 3:58:41 PM,joannatang@umail.ucsb.edu_ucsb,5/21/2019 3:58:41 PM,joannatang@umail.ucsb.edu_ucsb,0,0
93,cab59477-210c-440c-894c-58a9ff9ebeee,1/21/2019 12:00:00 AM,delsol_caminocorto,,Joanna Tang,H,6.5,0.47,5,144.6,0.1,17.6,Slightly opaque,surveyed in afternoon; re-entered from Hydro + YSI survey,5/21/2019 3:59:31 PM,joannatang@umail.ucsb.edu_ucsb,5/21/2019 3:59:31 PM,joannatang@umail.ucsb.edu_ucsb,0,0
94,762d9b2c-4af5-4ded-8121-c1111cb0294d,1/21/2019 12:00:00 AM,delsol_caminocorto,,Joanna Tang,S,3.5,0.4,4.6,185.5,0.1,20.1,Not opaque,surveyed in afternoon; re-entered from Hydro + YSI survey,5/21/2019 4:00:14 PM,joannatang@umail.ucsb.edu_ucsb,5/21/2019 4:00:14 PM,joannatang@umail.ucsb.edu_ucsb,0,0
95,df468013-521c-4283-8b00-a1b667cf684f,1/21/2019 12:00:00 AM,delsol_caminocorto,,Joanna Tang,F,6,0.43,4.5,133.2,0.1,18,Not opaque,surveyed in afternoon; re-entered from Hydro + YSI survey,5/21/2019 4:00:51 PM,joannatang@umail.ucsb.edu_ucsb,5/21/2019 4:00:51 PM,joannatang@umail.ucsb.edu_ucsb,0,0
96,0871f250-6f3d-4996-8909-eab49e415f1d,1/21/2019 12:00:00 AM,delsol_caminocorto,,Joanna Tang,E,7,0.31,3.4,142,0.1,20.2,Not opaque,surveyed in afternoon; re-entered from Hydro + YSI survey,5/21/2019 4:01:30 PM,joannatang@umail.ucsb.edu_ucsb,5/21/2019 4:01:30 PM,joannatang@umail.ucsb.edu_ucsb,0,0
97,e0716b8e-822e-44d4-881e-fceaae0b16d3,1/21/2019 12:00:00 AM,delsol_caminocorto,,Joanna Tang,V,4.5,0.37,4,172.1,0.1,19.5,Not opaque,surveyed in afternoon; re-entered from Hydro + YSI survey,5/21/2019 4:02:24 PM,joannatang@umail.ucsb.edu_ucsb,5/21/2019 4:02:24 PM,joannatang@umail.ucsb.edu_ucsb,0,0
98,b823af9b-8d8e-4044-86ac-9510a55822e2,1/19/2019 12:00:00 AM,delsol_caminocorto,,Joanna Tang,N,5,0.43,4.7,122.4,0.1,19.4,Not opaque,surveyed in afternoon; re-entered from Hydro + YSI survey,5/21/2019 4:03:15 PM,joannatang@umail.ucsb.edu_ucsb,5/21/2019 4:03:15 PM,joannatang@umail.ucsb.edu_ucsb,0,0
99,11e2e4b0-3d0d-488b-8a8a-96cf190d6e3c,1/23/2019 12:00:00 AM,north_parcel,,Catherine Reilly,16,16,0.8,7.2,289.5,2,10.2,Not opaque,surveyed in morning; re-entered from Hydro + YSI survey,5/21/2019 4:04:34 PM,joannatang@umail.ucsb.edu_ucsb,5/21/2019 4:04:34 PM,joannatang@umail.ucsb.edu_ucsb,0,0
100,d2fbaffe-b811-47e8-8d4a-32a5e7ef77b0,1/23/2019 12:00:00 AM,north_parcel,,Catherine Reilly,14,13.75,0.79,7,172.2,0.1,10.2,Opaque,surveyed in morning; re-entered from Hydro + YSI survey,5/21/2019 4:05:23 PM,joannatang@umail.ucsb.edu_ucsb,5/21/2019 4:06:30 PM,joannatang@umail.ucsb.edu_ucsb,0,0
101,4044e506-4516-4cd8-8985-433cf781a406,1/23/2019 12:00:00 AM,north_parcel,,Catherine Reilly,3,12.5,0.88,7.6,178.1,0.1,8.8,Opaque,surveyed in morning; re-entered from Hydro + YSI survey,5/21/2019 4:06:07 PM,joannatang@umail.ucsb.edu_ucsb,5/21/2019 4:06:07 PM,joannatang@umail.ucsb.edu_ucsb,0,0
102,7268f369-fce2-4e09-867e-586db8939270,1/23/2019 12:00:00 AM,north_parcel,,Joanna Tang,4,8,0.9,7.7,189.8,0.1,8.5,Slightly opaque,surveyed in morning; re-entered from Hydro + YSI survey,5/21/2019 4:07:26 PM,joannatang@umail.ucsb.edu_ucsb,5/21/2019 4:07:26 PM,joannatang@umail.ucsb.edu_ucsb,0,0
103,5db81fff-af30-4c24-806b-98caa55ae281,1/23/2019 12:00:00 AM,north_parcel,,Catherine Reilly,7,18,0.92,8.2,57.7,0,10.2,Slightly opaque,surveyed in morning; re-entered from Hydro + YSI survey,5/21/2019 4:08:21 PM,joannatang@umail.ucsb.edu_ucsb,5/21/2019 4:08:21 PM,joannatang@umail.ucsb.edu_ucsb,0,0
104,e9260d17-32dd-4ec5-8f22-c5cb16cea9c4,1/23/2019 12:00:00 AM,north_parcel,,Catherine Reilly,6,13,0.89,7.7,138.3,0.1,9.1,Opaque,surveyed in morning; re-entered from Hydro + YSI survey,5/21/2019 4:09:11 PM,joannatang@umail.ucsb.edu_ucsb,5/21/2019 4:09:11 PM,joannatang@umail.ucsb.edu_ucsb,0,0
105,4690e1af-a1da-4877-840a-d9016647d551,1/24/2019 12:00:00 AM,storke_ranch,,Joanna Tang,North,10.5,,,,,,,re-entered from Hydro + YSI survey,5/21/2019 4:10:17 PM,joannatang@umail.ucsb.edu_ucsb,5/21/2019 4:10:17 PM,joannatang@umail.ucsb.edu_ucsb,0,0
106,29d22901-c8c2-4802-82d5-2c8cadfdb99d,1/24/2019 12:00:00 AM,storke_ranch,,Joanna Tang,South,9.5,7.87,72.4,233,0.2,11.6,Not opaque, re-entered from Hydro + YSI survey,5/21/2019 4:11:25 PM,joannatang@umail.ucsb.edu_ucsb,5/21/2019 4:11:25 PM,joannatang@umail.ucsb.edu_ucsb,0,0
107,096d0220-4b70-4124-819b-d025b33a1bb1,1/24/2019 12:00:00 AM,storke_ranch,,Joanna Tang,Main,13,1.12,11.1,456,0.3,15,Not opaque,re-entered from Hydro & YSI survey,5/22/2019 3:30:36 AM,joannatang@umail.ucsb.edu_ucsb,5/22/2019 3:30:36 AM,joannatang@umail.ucsb.edu_ucsb,0,0
108,1d3f413f-926f-46a9-8a9f-c85db9a74c20,1/24/2019 12:00:00 AM,storke_ranch,,Joanna Tang,East,5.5,9.9,101.4,248.9,0.1,16.5,Not opaque,re-entered from Hydro + YSI survey,5/22/2019 3:31:44 AM,joannatang@umail.ucsb.edu_ucsb,5/22/2019 3:31:44 AM,joannatang@umail.ucsb.edu_ucsb,0,0
109,92f40ed3-1854-4762-8da5-f80cb3f24c3d,1/24/2019 12:00:00 AM,storke_ranch,,Joanna Tang,2007,9.75,6.17,60.8,851,0.5,14.5,Not opaque,re-entered from Hydro + YSI survey,5/22/2019 3:33:03 AM,joannatang@umail.ucsb.edu_ucsb,5/22/2019 3:33:03 AM,joannatang@umail.ucsb.edu_ucsb,0,0
110,60437726-e7c8-4d0d-880c-3b4cf523279f,1/24/2019 12:00:00 AM,sierra_madre,,Joanna Tang,Central pool,22,5.17,51.4,198.6,0.1,15.2,Slightly opaque,re-entered from Hydro + YSI survey,5/22/2019 3:34:01 AM,joannatang@umail.ucsb.edu_ucsb,5/22/2019 3:34:01 AM,joannatang@umail.ucsb.edu_ucsb,0,0
111,ab34ef90-9e90-488d-8ad9-04784d361a24,1/24/2019 12:00:00 AM,west_campus,,Joanna Tang,1,7.75,6.37,63.8,104.1,0.1,15.2,Slightly opaque,re-entered from Hydro + YSI survey,5/22/2019 3:35:01 AM,joannatang@umail.ucsb.edu_ucsb,5/22/2019 3:35:01 AM,joannatang@umail.ucsb.edu_ucsb,0,0
112,f9953a62-2928-4cfd-82e3-09fd5a4e4a96,1/25/2019 12:00:00 AM,west_campus,,Joanna Tang,2,5,9.11,90.8,49.3,0,15.2,Not opaque,re-entered from Hydro + YSI survey,5/22/2019 3:39:14 AM,joannatang@umail.ucsb.edu_ucsb,5/22/2019 3:39:14 AM,joannatang@umail.ucsb.edu_ucsb,0,0
113,ebb46693-23a0-4a84-828f-de8de6709d41,1/24/2019 12:00:00 AM,west_campus,,Joanna Tang,4,8.5,5.88,52.5,138.1,0.1,10.3,Not opaque,re-entered from Hydro + YSI survey,5/22/2019 3:40:33 AM,joannatang@umail.ucsb.edu_ucsb,5/22/2019 3:40:33 AM,joannatang@umail.ucsb.edu_ucsb,0,0
114,1c7aad52-c6f5-4ca2-884c-9866c3b13b1c,1/24/2019 12:00:00 AM,west_campus,,Joanna Tang,6,11.25,6.28,58.4,166.4,0.1,12.1,Opaque,re-entered from Hydro + YSI survey,5/22/2019 3:42:58 AM,joannatang@umail.ucsb.edu_ucsb,5/22/2019 3:42:58 AM,joannatang@umail.ucsb.edu_ucsb,0,0
115,2e101f7a-d887-4195-8d81-a1abc1cb91ab,1/24/2019 12:00:00 AM,west_campus,,Joanna Tang,11,5,6.57,61.6,182.9,0.1,12.4,Opaque,re-entered from Hydro + YSI survey,5/22/2019 3:43:53 AM,joannatang@umail.ucsb.edu_ucsb,5/22/2019 3:43:53 AM,joannatang@umail.ucsb.edu_ucsb,0,0
116,4cce6db4-bb00-435b-8a39-8bbc234224cd,1/24/2019 12:00:00 AM,west_campus,,Joanna Tang,9,6.5,2.07,19.1,373.6,0.2,11.7,Not opaque,re-entered from Hydro + YSI survey,5/22/2019 3:45:51 AM,joannatang@umail.ucsb.edu_ucsb,5/22/2019 3:45:51 AM,joannatang@umail.ucsb.edu_ucsb,0,0
117,d66984a1-4d21-4bf5-85c5-0283596d8d3c,1/24/2019 12:00:00 AM,west_campus,,Joanna Tang,9,6,3.86,35.6,284.2,0.2,11.6,Not opaque,re-entered from Hydro + YSI survey,5/22/2019 3:46:48 AM,joannatang@umail.ucsb.edu_ucsb,5/22/2019 3:46:48 AM,joannatang@umail.ucsb.edu_ucsb,0,0
118,927ae0c2-5418-4751-845e-5e033ae0be50,1/23/2019 12:00:00 AM,north_parcel,,Catherine Reilly,19,12.5,0.81,7.1,420.6,0.3,9.4,Not opaque,re-entered from Hydro + YSI survey,5/22/2019 3:50:17 AM,joannatang@umail.ucsb.edu_ucsb,5/22/2019 3:50:17 AM,joannatang@umail.ucsb.edu_ucsb,0,0
119,34e6d288-1860-4d23-872b-2f957b9bbf48,1/24/2019 12:00:00 AM,storke_ranch,,Joanna Tang,2017,10,12.49,117.9,201.7,0.1,12.7,Not opaque,re-entered from Hydro + YSI survey,5/22/2019 3:52:18 AM,joannatang@umail.ucsb.edu_ucsb,5/22/2019 3:52:18 AM,joannatang@umail.ucsb.edu_ucsb,0,0
120,1e4f0ecb-96bf-43bb-85c5-e255da46d004,1/21/2019 12:00:00 AM,copr,,Joanna Tang,Ferren's Folly,,6.54,58,85.9,0.1,10,Not opaque,re-entered from Hydro + YSI survey,5/22/2019 3:54:00 AM,joannatang@umail.ucsb.edu_ucsb,5/22/2019 3:54:00 AM,joannatang@umail.ucsb.edu_ucsb,0,0
121,b56e3c23-d0f3-4a19-8ec0-4c04f043d335,1/21/2019 12:00:00 AM,manzanita_village,,Joanna Tang,Santa Catalina,,0.13,1.4,162.3,0.1,19.3,Not opaque,measurements taken in the afternoon; re-entered from Hydro + YSI survey,5/22/2019 3:56:30 AM,joannatang@umail.ucsb.edu_ucsb,5/22/2019 3:56:30 AM,joannatang@umail.ucsb.edu_ucsb,0,0
122,07b8f337-50ee-4ba7-8d49-d9dd6dde54c4,1/21/2019 12:00:00 AM,manzanita_village,,Joanna Tang,Santa Barbara,,0.31,1.4,283.3,0.2,19.5,Not opaque,measurements taken in the afternoon; re-entered from Hydro + YSI survey,5/22/2019 3:57:21 AM,joannatang@umail.ucsb.edu_ucsb,5/22/2019 3:57:21 AM,joannatang@umail.ucsb.edu_ucsb,0,0
123,0e2f9a85-b6ff-4185-87b3-a2f16d8d2d07,1/21/2019 12:00:00 AM,manzanita_village,,Joanna Tang,Santa Cruz,,0.16,1.7,222.2,0.1,19.7,Not opaque,measurements taken in the afternoon; re-entered from Hydro + YSI survey,5/22/2019 3:58:44 AM,joannatang@umail.ucsb.edu_ucsb,5/22/2019 3:58:44 AM,joannatang@umail.ucsb.edu_ucsb,0,0
124,7936039f-cb86-4164-84a8-2b34f546677e,1/21/2019 12:00:00 AM,manzanita_village,,Joanna Tang,Santa Rosa,,0.18,1.9,172.2,0.1,19.5,Not opaque,measurements taken in the afternoon; re-entered from Hydro + YSI survey,5/22/2019 3:59:17 AM,joannatang@umail.ucsb.edu_ucsb,5/22/2019 3:59:17 AM,joannatang@umail.ucsb.edu_ucsb,0,0
125,665b0a70-3317-4b64-85ef-51802e1b3b7a,1/21/2019 12:00:00 AM,manzanita_village,,Joanna Tang,San Miguel,,0.25,2.7,179.2,0.1,19.4,Not opaque,measurements taken in the afternoon; re-entered from Hydro + YSI survey,5/22/2019 4:00:04 AM,joannatang@umail.ucsb.edu_ucsb,5/22/2019 4:00:04 AM,joannatang@umail.ucsb.edu_ucsb,0,0
126,3850b3ff-9b99-4920-845d-7b884ee176f9,1/26/2019 12:00:00 AM,north_parcel,,Catherine Reilly,9,13,8.22,85.2,674,0.4,17.1,Opaque,re-entered from Hydro + YSI survey,5/22/2019 4:01:12 AM,joannatang@umail.ucsb.edu_ucsb,5/22/2019 4:01:12 AM,joannatang@umail.ucsb.edu_ucsb,0,0
127,a426c292-04b2-4975-80bd-d82a8d6bc58d,1/26/2019 12:00:00 AM,north_parcel,,Catherine Reilly,19,12,8.07,81.4,563,0.3,15.7,,re-entered from Hydro + YSI survey,5/22/2019 4:02:23 AM,joannatang@umail.ucsb.edu_ucsb,5/22/2019 4:02:23 AM,joannatang@umail.ucsb.edu_ucsb,0,0
128,2446b302-6384-4ada-8993-376b19a4d506,1/26/2019 12:00:00 AM,north_parcel,,Catherine Reilly,16,15.5,5.7,59.8,288.4,0.2,17.7,,re-entered from Hydro + YSI survey,5/22/2019 4:03:25 AM,joannatang@umail.ucsb.edu_ucsb,5/22/2019 4:03:25 AM,joannatang@umail.ucsb.edu_ucsb,0,0
129,b6b6a5e5-c15b-43f0-869f-56b16da222ad,1/26/2019 12:00:00 AM,north_parcel,,Catherine Reilly,PH1,13,3.73,38.4,1156,0.7,16.6,Not opaque,re-entered from Hydro + YSI survey,5/22/2019 4:04:23 AM,joannatang@umail.ucsb.edu_ucsb,5/22/2019 4:04:23 AM,joannatang@umail.ucsb.edu_ucsb,0,0
130,52f4f03d-2439-4a99-80e7-330378f0bfc5,1/26/2019 12:00:00 AM,north_parcel,,Catherine Reilly,14,13,5.06,50.2,255.8,0.2,15.1,,re-entered from Hydro + YSI survey,5/22/2019 4:05:03 AM,joannatang@umail.ucsb.edu_ucsb,5/22/2019 4:05:03 AM,joannatang@umail.ucsb.edu_ucsb,0,0
131,cb3b41e3-9b3f-44ca-8e0a-3aabc89f81bb,1/26/2019 12:00:00 AM,north_parcel,,Joanna Tang,3,12,6.61,68.6,235.5,0.1,17.1,,re-entered from Hydro + YSI survey,5/22/2019 4:05:50 AM,joannatang@umail.ucsb.edu_ucsb,5/22/2019 4:05:50 AM,joannatang@umail.ucsb.edu_ucsb,0,0
132,cf825ee6-d2a8-4dbb-8622-651f9f78f6df,1/26/2019 12:00:00 AM,north_parcel,,Catherine Reilly,4,8,8.37,90.6,282.2,0.2,19.2,,re-entered from Hydro + YSI survey,5/22/2019 4:06:34 AM,joannatang@umail.ucsb.edu_ucsb,5/22/2019 4:06:34 AM,joannatang@umail.ucsb.edu_ucsb,0,0
133,ff6794a7-2ee8-4f61-8369-251e94737942,1/26/2019 12:00:00 AM,north_parcel,,Catherine Reilly,6,12,7.47,80,180.9,0.1,18.6,,re-entered from Hydro + YSI survey,5/22/2019 4:07:16 AM,joannatang@umail.ucsb.edu_ucsb,5/22/2019 4:07:16 AM,joannatang@umail.ucsb.edu_ucsb,0,0
134,5d1db956-0729-40f9-8412-107dd81efeeb,1/26/2019 12:00:00 AM,north_parcel,,Catherine Reilly,7,17.75,8.73,91.3,124.8,0.1,17.5,,re-entered from Hydro + YSI survey,5/22/2019 4:08:03 AM,joannatang@umail.ucsb.edu_ucsb,5/22/2019 4:08:03 AM,joannatang@umail.ucsb.edu_ucsb,0,0
135,e89e9471-7807-48b8-8077-aa33b4eb3ab1,1/26/2019 12:00:00 AM,delsol_caminocorto,,Joanna Tang,5,4.5,7.82,77.7,71.6,0,15.1,,re-entered from Hydro + YSI survey,5/22/2019 4:08:48 AM,joannatang@umail.ucsb.edu_ucsb,5/22/2019 4:08:48 AM,joannatang@umail.ucsb.edu_ucsb,0,0
136,7f6f5fb7-10e3-4010-8746-faa75d719e49,1/26/2019 12:00:00 AM,delsol_caminocorto,,Joanna Tang,4,4.25,8.92,901,79.5,0,15.9,,re-entered from Hydro + YSI survey,5/22/2019 4:09:30 AM,joannatang@umail.ucsb.edu_ucsb,5/22/2019 4:09:30 AM,joannatang@umail.ucsb.edu_ucsb,0,0
137,fd46c26b-8cf8-4206-8bd9-c9ecb202ecd3,1/26/2019 12:00:00 AM,delsol_caminocorto,,Joanna Tang,3,4.5,10.7,101.9,74.3,0,15.5,,re-entered from Hydro + YSI survey,5/22/2019 4:10:07 AM,joannatang@umail.ucsb.edu_ucsb,5/22/2019 4:10:07 AM,joannatang@umail.ucsb.edu_ucsb,0,0
138,6d78de8b-6054-46e7-8e3e-47fbc1c123ec,1/26/2019 12:00:00 AM,delsol_caminocorto,,Joanna Tang,7,7.25,5.91,58.6,71.8,0,14.9,,re-entered from Hydro + YSI survey,5/22/2019 4:11:43 AM,joannatang@umail.ucsb.edu_ucsb,5/22/2019 4:11:43 AM,joannatang@umail.ucsb.edu_ucsb,0,0
139,a2c685f0-78a7-4183-8df4-ef9b17968168,1/26/2019 12:00:00 AM,delsol_caminocorto,,Joanna Tang,2,9.5,7.13,69.7,80.9,0.1,14.3,,re-entered from Hydro + YSI survey,5/22/2019 4:12:31 AM,joannatang@umail.ucsb.edu_ucsb,5/22/2019 4:12:31 AM,joannatang@umail.ucsb.edu_ucsb,0,0
140,9cd823ed-424a-4601-8b69-e204fabce1fc,1/26/2019 12:00:00 AM,delsol_caminocorto,,Joanna Tang,6,7.25,7.58,71.8,94.1,0.1,12.9,,re-entered from Hydro + YSI survey,5/22/2019 4:13:09 AM,joannatang@umail.ucsb.edu_ucsb,5/22/2019 4:13:09 AM,joannatang@umail.ucsb.edu_ucsb,0,0
141,b4a70b17-8946-446b-8d37-582066eb34a9,1/26/2019 12:00:00 AM,delsol_caminocorto,,Joanna Tang,U,5.07,7.76,75.4,65.3,0,14,,re-entered from Hydro + YSI survey,5/22/2019 4:13:51 AM,joannatang@umail.ucsb.edu_ucsb,5/22/2019 4:13:51 AM,joannatang@umail.ucsb.edu_ucsb,0,0
142,985250ab-f471-45d2-830a-047e94060a61,1/26/2019 12:00:00 AM,delsol_caminocorto,,Joanna Tang,G,6,8.44,79.9,147.4,0.1,12.9,,re-entered from Hydro + YSI survey,5/22/2019 4:14:41 AM,joannatang@umail.ucsb.edu_ucsb,5/22/2019 4:14:41 AM,joannatang@umail.ucsb.edu_ucsb,0,0
143,45adfba9-ccef-4f5d-86e5-aed968da39df,1/26/2019 12:00:00 AM,delsol_caminocorto,,Joanna Tang,M,5.5,7.58,71.6,76.6,0,12.7,,re-entered from Hydro + YSI survey,5/22/2019 4:15:52 AM,joannatang@umail.ucsb.edu_ucsb,5/22/2019 4:15:52 AM,joannatang@umail.ucsb.edu_ucsb,0,0
144,0afcedee-7bbf-4bdd-8a0f-60b7140c68ce,1/26/2019 12:00:00 AM,delsol_caminocorto,,Joanna Tang,H,3,9.5,90.2,164.2,0.1,13,,re-entered from Hydro + YSI survey,5/22/2019 4:16:28 AM,joannatang@umail.ucsb.edu_ucsb,5/22/2019 4:16:28 AM,joannatang@umail.ucsb.edu_ucsb,0,0
145,dea1f365-dafb-4c03-8f33-b6255fce3c19,1/26/2019 12:00:00 AM,delsol_caminocorto,,Joanna Tang,S,1.25,11.01,111,165,0.1,15.8,,re-entered from Hydro + YSI survey,5/22/2019 4:17:10 AM,joannatang@umail.ucsb.edu_ucsb,5/22/2019 4:17:10 AM,joannatang@umail.ucsb.edu_ucsb,0,0
146,3efecd9c-d891-450f-8db3-594c4e2e3bd7,1/26/2019 12:00:00 AM,delsol_caminocorto,,Joanna Tang,F,4.75,7.15,66.7,157.3,0.1,12.2,,re-entered from Hydro + YSI survey,5/22/2019 4:17:47 AM,joannatang@umail.ucsb.edu_ucsb,5/22/2019 4:17:47 AM,joannatang@umail.ucsb.edu_ucsb,0,0
147,badb025e-3165-4dd1-8533-d6bfabeffe9d,1/26/2019 12:00:00 AM,delsol_caminocorto,,Joanna Tang,W,9.5,7.36,68.4,145.9,0.1,12,,re-entered from Hydro + YSI survey,5/22/2019 4:18:18 AM,joannatang@umail.ucsb.edu_ucsb,5/22/2019 4:18:18 AM,joannatang@umail.ucsb.edu_ucsb,0,0
148,2e321a16-d08f-403b-89d7-5c0e7f29d71f,1/26/2019 12:00:00 AM,delsol_caminocorto,,Joanna Tang,E,5.5,6.9,64.4,135.5,0.1,12.3,,re-entered from Hydro + YSI survey,5/22/2019 4:19:07 AM,joannatang@umail.ucsb.edu_ucsb,5/22/2019 4:19:07 AM,joannatang@umail.ucsb.edu_ucsb,0,0
149,2a81104f-a1fc-4fde-8999-3b5e773fad0f,1/26/2019 12:00:00 AM,delsol_caminocorto,,Joanna Tang,V,3.25,9.37,87.2,189.7,0.1,12.1,,re-entered from Hydro + YSI survey,5/22/2019 4:19:41 AM,joannatang@umail.ucsb.edu_ucsb,5/22/2019 4:19:41 AM,joannatang@umail.ucsb.edu_ucsb,0,0
150,bb8d4c3a-d20d-4b5a-84de-c25e153927a5,1/26/2019 12:00:00 AM,delsol_caminocorto,,Joanna Tang,N,4,10.46,97.9,177.2,0.1,12.4,,re-entered from Hydro + YSI survey,5/22/2019 4:20:40 AM,joannatang@umail.ucsb.edu_ucsb,5/22/2019 4:20:40 AM,joannatang@umail.ucsb.edu_ucsb,0,0
151,8c9ec122-be9b-438f-bac9-3f5e8ccacba1,1/12/2022 8:00:00 PM,north_parcel,,Weijun Shi,NP19,,4.47,38.1,330.9,0.2,9.7,6.2,,1/12/2022 7:38:23 PM,ccber_user,1/12/2022 7:38:23 PM,ccber_user,-119.879267458401,34.4221820304673
152,35d024fe-4f11-4a1a-b12f-f620cada996c,1/12/2022 8:00:00 PM,north_parcel,,Joanna Tang,9,,8.06,70,406.9,0.3,5.4,6.2,,1/12/2022 7:52:55 PM,joannatang@umail.ucsb.edu_ucsb,1/12/2022 7:52:55 PM,joannatang@umail.ucsb.edu_ucsb,-119.881645709291,34.4226875595659
153,c9f26d84-27f9-41fb-b4c6-d28cc525b286,1/12/2022 8:00:00 PM,north_parcel,,Joanna Tang,7,,8.95,81.3,130.4,0.1,10.8,6.2,,1/12/2022 7:52:56 PM,joannatang@umail.ucsb.edu_ucsb,1/12/2022 7:52:56 PM,joannatang@umail.ucsb.edu_ucsb,-119.883093076395,34.4238942270776
154,02f63e51-1b97-4071-8c98-c106a36223c1,1/12/2022 8:00:00 PM,manzanita_village,,Alison,"Santa Catalina (MSCA, MSCB)",6.7,16.81,173.8,161.7,0.1912,16.9,,"Cond: 0.1617 mS/cm, spc: 0.1912 mS/ cm, pH: 8.7",1/12/2022 11:39:23 PM,CCBER-Admin,1/13/2022 5:59:57 PM,CCBER-Admin,-119.8711804,34.4214965
155,dafac6b0-ed58-4c33-a030-371b45dc8b5f,1/12/2022 8:00:00 PM,manzanita_village,,Alison,"Santa Barbara (MSBA, MSBB)",55,16.98,177,228.4,0.2677,173,"Cond:0.2284 mS/cm, spc:0.2677 mS/cm, pH: 8.93",,1/12/2022 11:43:21 PM,CCBER-Admin,1/13/2022 5:58:32 PM,CCBER-Admin,-119.8711742,34.4214974
156,6e8d9fd7-d7d6-4eac-8c55-4166789d8c3c,1/12/2022 8:00:00 PM,manzanita_village,,Alison,"Santa Rosa (MSRA, MSRB)",4,10.08,105.8,257,0.299,176,,"Cond:0.2570mS/cm, spc:mS/cm, pH:7.29",1/12/2022 11:46:27 PM,CCBER-Admin,1/13/2022 5:58:56 PM,CCBER-Admin,-119.8711706,34.4214988
157,3cd56a1e-9686-46d2-a65a-5aec27229e7a,1/12/2022 8:00:00 PM,manzanita_village,,Alison,"San Miguel (MSMA,MSMB)",5.5,9.24,95.7,147.5,0.1739,17,,"Cond:0.1475 mS/cm, spc: 0.1739 mS/cm, pH: 6.90",1/12/2022 11:49:28 PM,CCBER-Admin,1/13/2022 5:59:07 PM,CCBER-Admin,-119.8711711,34.4214999
158,d8f084a2-827e-48f0-86e5-84a2760d2f4a,1/13/2022 8:00:00 PM,west_campus,,Joanna Tang,1,,11.23,120.2,122.2,0.1,19,6.2,,1/14/2022 1:21:40 AM,joannatang@umail.ucsb.edu_ucsb,1/14/2022 1:21:40 AM,joannatang@umail.ucsb.edu_ucsb,-119.870300067711,34.4105500017814
159,9a942113-a123-46e9-8461-7c0f6c426479,1/13/2022 8:00:00 PM,west_campus,,Joanna Tang,4,,6.58,66.1,151.8,0.1,14.9,6.6,,1/14/2022 1:21:43 AM,joannatang@umail.ucsb.edu_ucsb,1/14/2022 1:21:43 AM,joannatang@umail.ucsb.edu_ucsb,-119.872799456941,34.4099494726295
160,6d81be84-2183-4d23-ba06-9b16e6ccd9aa,1/13/2022 8:00:00 PM,west_campus,,Joanna Tang,6,,13.01,133.7,98.7,0.1,16.7,6.2,,1/14/2022 1:21:44 AM,joannatang@umail.ucsb.edu_ucsb,1/14/2022 1:21:44 AM,joannatang@umail.ucsb.edu_ucsb,-119.874471384145,34.4094151433849
161,7062af8c-5e6e-491d-8ca5-438d88fb31cb,1/14/2022 8:00:00 PM,south_parcel,,Elise Roberts,2,,10.1,94.2,192.1,0.1,12.4,pH: 6.2,,1/14/2022 5:59:28 PM,ccber_user,1/14/2022 5:59:28 PM,ccber_user,-119.882159864627,34.4215818866583
162,9bf03aeb-c875-464e-bee4-2ef03dcca14d,1/14/2022 8:00:00 PM,south_parcel,,Alyssa,4,,13.49,132.3,198.1,0.1,14.4,6.2,,1/14/2022 6:34:00 PM,ccber_user,1/14/2022 6:34:00 PM,ccber_user,-119.88375735615,34.4189021386621
163,1cc6e87e-1d49-448d-895d-877d8566d848,1/14/2022 8:00:00 PM,south_parcel,,Alyssa,5,,10.6,102.1,142.6,0.1,13.6,6.0,,1/14/2022 6:56:03 PM,ccber_user,1/14/2022 6:56:03 PM,ccber_user,-119.88402012396,34.4184299618073
164,650878ac-ee65-4f8f-ba0b-c2f6cccbdb2e,1/14/2022 8:00:00 PM,south_parcel,,Elise Roberts,6,,11.32,112.3,149.5,0.1,15,6.2,,1/14/2022 7:20:28 PM,ccber_user,1/14/2022 7:20:28 PM,ccber_user,-119.884258275402,34.4187728208251
165,5fff21df-2185-40dd-98ce-0785be54deac,1/14/2022 8:00:00 PM,ellwood_mesa,,Patty Park,Reference,,6.36,64.6,239,0.1,16,6.2,,1/15/2022 12:25:52 AM,ccber_user,1/15/2022 12:25:52 AM,ccber_user,-119.88879195545,34.4199235378359
166,e07b6c7e-748a-401b-b149-8b9021ac6bc8,1/12/2022 8:00:00 PM,north_parcel,,Joanna Tang,14,,4.45,37.2,108.4,0.1,7.7,6.0,,1/15/2022 12:26:41 AM,ccber_user,1/15/2022 12:26:41 AM,ccber_user,-119.8816682,34.4227562
167,13dd4b81-27c0-4a00-ac97-d098b79511f5,1/17/2022 8:00:00 PM,delsol_caminocorto,,Patty Park,E,,9.51,93.4,115.4,0.1,14.6,pH: 6.2,,1/17/2022 5:39:58 PM,ccber_user,1/25/2022 4:29:38 AM,ccber_user,-119.864731048061,34.4159251805555
168,7908fc08-6c31-4632-a860-441a6d8873ec,1/17/2022 8:00:00 PM,delsol_caminocorto,,Patty Park,G,,7.8,78.4,213.2,0.1,15.6,pH: 6.2,,1/17/2022 6:28:26 PM,ccber_user,1/17/2022 6:28:26 PM,ccber_user,-119.866243242646,34.4166875769729
169,7f2663a1-ed33-4960-9b2e-07444204ef06,1/18/2022 8:00:00 PM,copr,,Alison,COPR1,,766,797,1447,0.1695,173,,,1/18/2022 10:44:32 PM,CCBER-Admin,1/18/2022 10:44:32 PM,CCBER-Admin,-119.8545601,34.4196646
170,af156e94-d721-42b9-b747-7a9d4f9141d2,1/18/2022 8:00:00 PM,ncos,,Alison,NCOS1,131,861,85.4,2355,0.2918,15,Ph:7.6,,1/18/2022 11:00:31 PM,CCBER-Admin,1/18/2022 11:00:31 PM,CCBER-Admin,-119.8545768,34.4195936
171,e2ef0e8c-b8fb-4ffe-93f1-cbfceabf2448,1/18/2022 8:00:00 PM,ncos,,Alison,NCOS2,162,8.15,80.9,455.3,0.563,14.9,Ph 8.2,,1/18/2022 11:02:59 PM,CCBER-Admin,1/18/2022 11:02:59 PM,CCBER-Admin,-119.8545844,34.4195908
172,8b187d6a-bfa4-4dc9-9202-f0497896ba22,1/18/2022 8:00:00 PM,ncos,,Alison,NCOS4,138,12.65,126.3,518,0.637,15.2,Ph 8.63,,1/18/2022 11:05:10 PM,CCBER-Admin,1/18/2022 11:05:10 PM,CCBER-Admin,-119.8545851,34.4195989
173,6154ece3-93e1-4f9c-bb4d-16bb5093a1c4,1/18/2022 8:00:00 PM,ncos,,Alison,NCOS8,10.5,9.58,96.2,331.6,0.4047,,Ph 8.44,,1/18/2022 11:07:36 PM,CCBER-Admin,1/18/2022 11:07:36 PM,CCBER-Admin,-119.854587,34.4196017
174,532c56f6-5b8f-4c22-9587-b4ba1d863a3c,1/17/2022 8:00:00 PM,delsol_caminocorto,,Alyssa Jain,E,,1.32,12.3,172.2,0.1,12.6,6.2,,1/19/2022 6:03:56 PM,ccber_user,1/25/2022 1:52:03 AM,ccber_user,-119.8662274,34.4152894
175,f435f0d3-138c-44c9-9ef0-8e0816926023,1/17/2022 8:00:00 PM,delsol_caminocorto,,Alyssa Jain,W,,8.09,78.7,178.1,0.1,14.1,6.2,,1/19/2022 6:03:58 PM,ccber_user,1/19/2022 6:03:58 PM,ccber_user,-119.8653517,34.4162106
176,8b4c05df-d8fb-42a6-b9c8-cfdfa9b0cdcf,1/19/2022 8:00:00 PM,delsol_caminocorto,,Joanna Tang,5,,9.11,87.4,47.9,0,13.4,pH: 6.2,,1/19/2022 6:51:25 PM,ccber_user,1/19/2022 6:51:25 PM,ccber_user,-119.868315381558,34.4141244314778
177,75952b93-0155-4de2-a535-36efc609a855,1/19/2022 8:00:00 PM,delsol_caminocorto,,Alyssa Jain,7,,10.16,99.2,76.4,0,14.2,pH 6.1,,1/19/2022 7:35:37 PM,ccber_user,1/19/2022 7:35:37 PM,ccber_user,-119.866998351861,34.4152012127698
178,7f1f4cfb-3c5d-4c34-9728-3199f72aa723,1/19/2022 8:00:00 PM,delsol_caminocorto,,Joanna Tang,2,,8.04,76.4,95.7,0.1,13.5,6.1,,1/19/2022 7:52:40 PM,joannatang@umail.ucsb.edu_ucsb,1/19/2022 7:52:40 PM,joannatang@umail.ucsb.edu_ucsb,-119.867769807947,34.4159959786557
179,31aa617e-2568-4ab5-876c-9a20ac3b1e43,1/19/2022 8:00:00 PM,delsol_caminocorto,,Alyssa Jain,6,,9.8,96,111.3,0.1,14.2,pH: 6.2,,1/19/2022 8:02:34 PM,ccber_user,1/19/2022 8:02:34 PM,ccber_user,-119.867015519869,34.4157666923919
180,97b29d0c-6a2e-41ee-8b49-65420752e02c,2/11/2022 8:00:00 PM,delsol_caminocorto,,Alyssa Jain,6,,,,,,,,pH: 6.5,2/11/2022 11:29:17 PM,ccber_user,2/11/2022 11:29:17 PM,ccber_user,-119.859126629438,34.4141645777519
181,14ae7274-c012-4327-8a71-40c51208cf26,2/11/2022 8:00:00 PM,manzanita_village,,Elise Roberts,Santa Catalina ,,,,,,,,pH: 6.7,2/12/2022 12:16:04 AM,ccber_user,2/12/2022 12:16:04 AM,ccber_user,-119.850798089086,34.4080303055073
182,40138da6-a50c-4f37-95e4-96710af40c01,2/21/2022 8:00:00 PM,south_parcel,,Ren,2,,10.53,120.1,377.3,0.2,21.8,,pH: 6.4,2/21/2022 9:05:48 PM,ccber_user,2/21/2022 9:05:48 PM,ccber_user,-119.884036901894,34.4181542111288
183,35a6899d-0e23-4f66-8bd5-bf49e33409d3,2/21/2022 8:00:00 PM,south_parcel,,Ren,4,,6.4,76.2,561,0.3,24,,6.7,2/21/2022 9:37:34 PM,ccber_user,2/21/2022 9:37:34 PM,ccber_user,-119.883447184044,34.4189549868977
184,657ce1ec-d606-4238-a2fe-bc8ecd5f2c05,2/21/2022 8:00:00 PM,south_parcel,,Ren,4,,7.94,89.6,259.4,0.1,21.2,,pH: 6.5,2/21/2022 9:40:48 PM,ccber_user,2/21/2022 9:40:48 PM,ccber_user,-119.884072934251,34.4185024719745
185,3f8e288a-9097-4465-a1d7-8b5acd93b8d3,2/21/2022 8:00:00 PM,south_parcel,,Ren,6,,0.05,0.6,356,0.2,25,,pH: 6.5,2/21/2022 9:45:08 PM,ccber_user,2/21/2022 9:45:08 PM,ccber_user,-119.884268512355,34.4188106101839
186,5f5f460e-19ca-4df5-8676-3ac80e405fc0,3/9/2022 8:00:00 PM,ncos,,Ren,1,,7.35,87.1,907,0.5,23.7,,pH: 7.2,3/10/2022 2:23:23 AM,ccber_user,3/10/2022 2:23:23 AM,ccber_user,-119.871076264535,34.4214414966003
187,48fa2551-cc7b-4eea-b70e-6e71868caaf9,3/9/2022 8:00:00 PM,ncos,,Ren,2,,9.88,117.2,1183,0.6,23.6,,pH: 7.2,3/10/2022 2:24:38 AM,ccber_user,3/10/2022 2:24:38 AM,ccber_user,-119.871085423287,34.4214486504567
188,2a607851-c8ca-4f4a-9137-15fe69b1b12b,3/9/2022 8:00:00 PM,north_parcel,,Ren,16,,10.21,117,529,0.3,22,,pH: 6.8,3/10/2022 2:25:47 AM,ccber_user,3/10/2022 2:25:47 AM,ccber_user,-119.871070091314,34.4214487611148
189,48fbe09e-d534-4477-9474-6dd3b9df7600,3/9/2022 8:00:00 PM,north_parcel,,Ren,13,,8.89,99.2,772,0.4,20.6,,pH: 6.5,3/10/2022 2:26:36 AM,ccber_user,3/10/2022 2:26:36 AM,ccber_user,-119.871127648603,34.4216060392828
190,830d983e-3ef6-4ffc-ba86-48485617883f,2/15/2023 8:00:00 PM,north_parcel,,Alberto Alyssa,14,9.75,7.24,62.4,0,0,8.8,opec,,2/15/2023 5:39:15 PM,ccber_user,2/15/2023 5:39:15 PM,ccber_user,-119.881920934561,34.4227258698229
191,ca99c505-74d5-4d55-84bc-1be705352548,2/15/2023 8:00:00 PM,north_parcel,,Phoenix ,19,,6.02,50.7,0,0,8.2,,,2/15/2023 6:25:21 PM,ccber_user,2/15/2023 6:25:21 PM,ccber_user,-119.879354797415,34.4222790515371
192,ac5815cd-6bda-4702-bd9d-2683c20605c3,2/15/2023 8:00:00 PM,north_parcel,,Alberto,NP9,7.5,10.76,102.4,290.8,0.2,12.8,,,2/15/2023 7:30:29 PM,ccber_user,2/15/2023 7:30:29 PM,ccber_user,-119.882520571741,34.4234607233391
193,fe025cd9-3869-4081-9a26-26535becf622,2/15/2023 8:00:00 PM,north_parcel,,Alyssa,7,12,11.73,107.4,101.2,0.1,13.5,,,2/15/2023 8:06:56 PM,ccber_user,2/15/2023 8:06:56 PM,ccber_user,-119.883192929974,34.4237107799169
194,9642eddf-1227-4ec5-8e68-4db06fe07b40,2/17/2023 8:00:00 PM,south_parcel,,Chris Kracha,6,8,9.6,93.4,240.2,0.1,14,,,2/17/2023 8:36:05 PM,ccber_user,2/17/2023 8:36:05 PM,ccber_user,-119.88432915,34.41883652
195,3b1d2b3d-57d7-41c2-bdca-d9da7733498e,2/21/2023 8:00:00 PM,ncos,,Alison,1,0.32,6.44,60.3,0.2259,,12.3,0.298 spc ms/cm,Murky water ,2/21/2023 6:08:06 PM,ccber_user,2/21/2023 6:08:06 PM,ccber_user,-119.879075931497,34.4192605605669
196,3267f5d7-c597-4756-9e62-77cb250273e2,2/21/2023 8:00:00 PM,ncos,,Phoenix,2,,10.29,107.8,429.7,,17.5,0.501 spc mS/cm,,2/21/2023 6:25:16 PM,ccber_user,2/21/2023 6:25:16 PM,ccber_user,-119.879082637019,34.4192638295092
197,964eeb68-72c3-4916-a2bc-e4e7bc4ecc2b,2/21/2023 8:00:00 PM,west_campus,,McKenzie Goetz,1,2.5,0.99,11.2,332.6,0.2,21.4,YSI submerged .5 in,Only small puddle left,2/21/2023 8:58:06 PM,ccber_user,2/21/2023 8:58:06 PM,ccber_user,-119.870540555678,34.4107352849417
198,041944db-d2b3-48e4-ab86-d7d2efb2bec6,2/21/2023 8:00:00 PM,west_campus,,McKenzie,4,2,1.1,13.5,221.8,0.1,17.7,Very turbid ,,2/21/2023 9:36:17 PM,ccber_user,2/21/2023 9:36:17 PM,ccber_user,-119.872383601907,34.4099526187566
199,ca421e93-4317-4388-b84f-65d82566ba6e,2/21/2023 8:00:00 PM,west_campus,,McKenzie Goetz,1,2.5,0.99,11.2,332.6,0.2,21.4,YSI submerged .5 in,Only small puddle left,2/21/2023 10:02:09 PM,ccber_user,2/21/2023 10:02:09 PM,ccber_user,-119.870540555678,34.4107352849417
200,62291ef5-04a9-4230-a2f3-62054ef6216a,2/21/2023 8:00:00 PM,west_campus,,McKenzie ,6,7,2.9,29.7,348,0.2,17,,,2/21/2023 10:02:10 PM,ccber_user,2/21/2023 10:02:10 PM,ccber_user,-119.874423448336,34.4095653491354
201,feb8ee51-f311-45b0-85fa-5fab5708af88,2/22/2023 8:00:00 PM,delsol_caminocorto,,Chris,2,4,14.84,142.1,92.7,0.1,13.8,,,2/22/2023 6:42:45 PM,ccber_user,2/22/2023 6:42:45 PM,ccber_user,-119.8678527,34.41610254
202,0e5733d5-dddb-48b6-8cd8-62728d060a3b,2/22/2023 8:00:00 PM,delsol_caminocorto,,Chris,Pool 6,6.5,12.7,122.1,67.9,0,13.6,,,2/22/2023 7:34:36 PM,ccber_user,2/22/2023 7:34:36 PM,ccber_user,-119.866984533258,34.4161177659728
203,19c85829-4280-429b-b3fb-eff2b95a20a3,2/22/2023 8:00:00 PM,delsol_caminocorto,,Chris,7,3,13.91,138.7,81.3,0,15.3,,,2/22/2023 7:45:05 PM,ccber_user,2/22/2023 7:45:05 PM,ccber_user,-119.86698108,34.4155203
204,fa514e9e-5687-43d1-b924-b7230a93c66c,2/22/2023 8:00:00 PM,delsol_caminocorto,,Chris,Pool N,3.5,8.37,82,157.6,0.1,14.5,,,2/22/2023 8:21:33 PM,ccber_user,2/22/2023 8:21:33 PM,ccber_user,-119.86632812734,34.4155072912755
205,db493256-69e9-4987-bd1b-a29e725e7444,2/22/2023 8:00:00 PM,delsol_caminocorto,,Philip,Pool W,7.5,11.71,116,122.1,0.1,14.9,,,2/22/2023 9:01:17 PM,ccber_user,2/22/2023 9:01:17 PM,ccber_user,-119.865604116535,34.4162454448562
206,49142f64-667f-480f-b5c8-343909602ded,2/22/2023 8:00:00 PM,delsol_caminocorto,,Philip,Pool E,4.7,12.38,130.6,144,0.1,17.9,,,2/22/2023 9:20:08 PM,ccber_user,2/22/2023 9:20:08 PM,ccber_user,-119.865596573911,34.4162300834753
207,fb945ac9-cd25-4eb0-bfaa-b5000a282db4,2/28/2023 8:00:00 PM,manzanita_village,,Alberto ,Santa Catalina,8.4,9.45,92.6,161.7,0.1,13.9,,,2/28/2023 6:33:22 PM,ccber_user,2/28/2023 6:33:22 PM,ccber_user,-119.850838724458,34.4081211730995
208,50a63aaf-a801-478c-91b1-c641efbf97e6,2/28/2023 8:00:00 PM,manzanita_village,,Alberto,Santa Barbara,7.1,9.92,98.9,161.1,0.1,15.2,,,2/28/2023 7:03:09 PM,ccber_user,2/28/2023 7:03:09 PM,ccber_user,-119.8511239608,34.4080927642383
209,ee1f10c0-e62d-45be-a73a-698e7f60402c,2/28/2023 8:00:00 PM,manzanita_village,,Alberto ,San Miguel,13,10.67,106.2,201.8,0.1,15.1,,,2/28/2023 7:31:07 PM,ccber_user,2/28/2023 7:31:07 PM,ccber_user,-119.852746694638,34.4083231529244
210,a0df5661-4b4f-44a4-868f-0d4e9fccc1c0,2/28/2023 8:00:00 PM,manzanita_village,,Alberto,Santa Rosa,14.3,11.91,120,193.7,0.1,15.7,,,2/28/2023 7:42:55 PM,ccber_user,2/28/2023 7:42:55 PM,ccber_user,-119.852732028863,34.4082992425926
211,144cb76d-44d9-4297-b2ca-9cf328ff8466,3/1/2023 8:00:00 PM,south_parcel,,Chris,2,13,11.6,112.6,190.9,0.1,14.6,,,3/1/2023 7:01:01 PM,ccber_user,3/1/2023 7:01:01 PM,ccber_user,-119.88399219,34.41831575
212,6d37eba1-aea2-4ab1-a5b7-0655ed7df211,3/1/2023 8:00:00 PM,south_parcel,,Chris,2,11,10.32,107,124.4,0.1,16.4,,,3/1/2023 7:34:47 PM,ccber_user,3/1/2023 7:34:47 PM,ccber_user,-119.88436101,34.41843365
213,307b71ce-5365-4901-97d3-c9851bc21dd0,3/1/2023 8:00:00 PM,south_parcel,,Chris,5,19.5,15.02,152.7,155.5,0.1,15.9,,,3/1/2023 8:16:01 PM,ccber_user,3/1/2023 8:16:01 PM,ccber_user,-119.88398274,34.41859413
214,a095aed9-4432-4768-a1de-e6cf95bba2b3,3/1/2023 8:00:00 PM,ncos,,Chris,8,5,12.35,129.9,536,0.3,17.5,,,3/1/2023 8:38:42 PM,ccber_user,3/1/2023 8:38:42 PM,ccber_user,-119.88199223,34.42030955
215,dcc7fed4-9eb8-4274-adb2-07738dc5da6e,3/23/2023 7:00:00 PM,west_campus,,Chris,2,6.5,6.69,65.4,89.7,0.1,14.5,,,3/23/2023 5:21:14 PM,ccber_user,3/23/2023 5:21:14 PM,ccber_user,-119.87113375,34.41114938
216,a8897b3a-493b-4d00-9c56-ca1766db8d73,3/23/2023 7:00:00 PM,west_campus,,Chris,9,7,7.76,77.5,242.9,0.1,15.4,,,3/23/2023 6:08:45 PM,ccber_user,3/23/2023 6:08:45 PM,ccber_user,-119.87741976,34.40975243
217,62516d32-adee-4403-891a-6ed0241660a6,3/23/2023 7:00:00 PM,west_campus,,Chris,8,10.5,8.71,89.9,260.6,0.1,17.1,,,3/23/2023 6:46:08 PM,ccber_user,3/23/2023 6:46:08 PM,ccber_user,-119.87749619,34.40965031
218,9864f692-52fa-4772-9e49-17cfb9c41aa5,3/23/2023 7:00:00 PM,ellwood_mesa,,Kaitlyn,2,3.25,9.62,112.2,106.2,0.1,23,,,3/23/2023 8:43:24 PM,ccber_user,3/23/2023 8:43:24 PM,ccber_user,-119.887013500714,34.4185143053087
219,fda8018f-2749-42ea-80bd-6a7c81d93ad5,3/23/2023 7:00:00 PM,ellwood_mesa,,Kaitlyn,3,4.5,10.24,119.2,102.2,0.1,22.9,,,3/23/2023 9:28:15 PM,ccber_user,3/23/2023 9:28:15 PM,ccber_user,-119.887593537119,34.4188756614431
220,ad593562-f991-4ad0-932b-24e44ea8aa46,3/23/2023 7:00:00 PM,delsol_caminocorto,,Kaitlyn,G,13,13.4,150.8,106.2,0.1,21.2,,,3/23/2023 10:15:20 PM,ccber_user,3/23/2023 10:15:20 PM,ccber_user,-119.866912709918,34.4156508288669
221,1ebca33f-7615-4935-b8a1-0e85c4c84b35,3/23/2023 7:00:00 PM,delsol_caminocorto,,Kaitlyn,7,,11.81,139.2,94.6,0.1,23.6,,,3/23/2023 10:16:38 PM,ccber_user,3/23/2023 10:16:38 PM,ccber_user,-119.86682425902,34.4156591679204
222,92277139-34fd-4de2-9810-84e2ec2e27b1,3/23/2023 7:00:00 PM,delsol_caminocorto,,Kaitlyn,5,11.7,9.01,107.4,97.1,0.1,24.2,,,3/23/2023 10:44:13 PM,ccber_user,3/23/2023 10:44:13 PM,ccber_user,-119.868327820363,34.4142565443742
223,9856e7b5-8661-4904-b152-c268727f1367,3/23/2023 7:00:00 PM,sierra_madre,,Kaitlyn,Main,,13.48,150.3,131.6,0.1,20.7,Lots of algae ,,3/23/2023 11:49:41 PM,ccber_user,3/23/2023 11:49:41 PM,ccber_user,-119.871360212648,34.4197578036447
224,3206d1a6-6618-48fa-b180-9d6d5eb10319,4/27/2023 7:00:00 PM,copr,,Alyssa ,VP1,,11.86,134.9,102.7,0.1,21.7,,,4/27/2023 10:12:22 PM,ccber_user,4/27/2023 10:12:22 PM,ccber_user,-119.87102153251,34.4214982256459
